"Date","Price","Open","High","Low","Vol.","Change %"
"2025/06/11","96,221.06","96,881.31","97,094.28","96,221.06","","-0.45%"
"2025/06/10","96,657.00","96,577.79","97,055.12","96,407.34","311.95M","0.25%"
"2025/06/09","96,413.48","96,599.34","96,774.75","96,310.89","264.62M","0.05%"
"2025/06/06","96,366.08","96,797.22","96,901.34","96,336.01","260.76M","-0.05%"
"2025/06/05","96,411.77","95,910.14","96,776.84","95,650.16","284.04M","0.80%"
"2025/06/04","95,650.16","95,272.37","95,882.40","94,882.30","228.25M","0.81%"
"2025/06/03","94,882.30","94,812.01","95,097.13","94,545.87","","-0.29%"
"2025/06/02","95,162.33","94,290.33","95,162.33","94,256.84","221.26M","0.88%"
"2025/05/30","94,330.84","94,469.35","95,055.97","94,184.69","495.08M","-0.42%"
"2025/05/29","94,726.12","94,079.95","94,963.41","93,868.87","350.59M","0.91%"
"2025/05/28","93,868.87","93,602.18","94,315.72","93,590.33","215.02M","0.11%"
"2025/05/27","93,764.15","93,079.46","93,965.08","93,079.46","215.21M","0.04%"
"2025/05/26","93,724.31","93,595.29","94,203.95","93,492.61","139.90M","0.21%"
"2025/05/23","93,528.74","93,361.47","93,994.12","92,835.75","182.54M","0.42%"
"2025/05/22","93,135.11","93,193.17","93,397.44","92,490.41","230.85M","-0.28%"
"2025/05/21","93,397.44","93,294.26","93,827.39","92,763.22","267.44M","0.68%"
"2025/05/20","92,763.22","92,527.04","92,763.22","92,172.75","218.15M","0.29%"
"2025/05/19","92,492.11","92,505.19","92,696.70","91,753.14","195.78M","-0.14%"
"2025/05/16","92,618.55","92,483.94","92,618.55","92,084.64","184.84M","0.30%"
"2025/05/15","92,338.44","92,047.80","92,563.33","91,686.96","216.73M","-0.15%"
"2025/05/14","92,473.98","92,680.12","93,072.02","92,295.13","313.89M","-0.18%"
"2025/05/13","92,638.80","92,048.77","92,674.05","91,980.87","241.44M","0.51%"
"2025/05/12","92,170.83","92,476.35","92,992.11","91,861.21","226.52M","0.34%"
"2025/05/09","91,861.21","90,901.01","92,041.66","90,890.08","248.64M","1.07%"
"2025/05/08","90,890.08","91,452.63","91,857.58","90,890.08","191.13M","-0.66%"
"2025/05/07","91,496.59","91,981.38","92,412.94","91,478.34","277.84M","-0.58%"
"2025/05/06","92,027.51","92,628.63","92,653.29","91,004.45","235.81M","-0.04%"
"2025/05/05","92,063.06","92,304.55","92,596.54","91,831.61","245.46M","-0.29%"
"2025/05/02","92,332.59","91,408.27","92,702.80","91,408.27","178.45M","0.82%"
"2025/04/30","91,583.39","91,201.51","91,954.44","91,201.51","282.40M","0.30%"
"2025/04/29","91,311.15","90,654.20","91,447.71","90,654.20","194.00M","0.65%"
"2025/04/25","90,720.33","90,823.05","91,155.37","90,552.77","230.80M","0.19%"
"2025/04/24","90,552.77","89,527.92","90,647.95","89,485.72","276.46M","0.79%"
"2025/04/23","89,846.81","90,428.39","90,868.71","89,652.31","362.68M","-0.07%"
"2025/04/22","89,912.00","90,403.41","90,867.47","89,486.79","283.63M","0.48%"
"2025/04/17","89,486.79","89,839.73","89,936.74","89,216.04","253.19M","-0.23%"
"2025/04/16","89,696.69","89,466.10","90,534.36","89,407.05","247.86M","0.20%"
"2025/04/15","89,521.80","88,431.48","89,631.73","88,263.79","274.12M","0.91%"
"2025/04/14","88,717.11","87,149.86","88,717.11","86,406.46","305.21M","2.67%"
"2025/04/11","86,406.46","86,568.99","86,919.71","85,648.20","301.37M","0.42%"
"2025/04/10","86,041.54","84,776.98","86,704.45","82,485.81","461.90M","4.31%"
"2025/04/09","82,485.81","82,809.31","84,227.34","81,923.54","460.98M","-2.07%"
"2025/04/08","84,227.34","82,485.25","84,693.45","81,303.74","503.39M","2.51%"
"2025/04/07","82,161.52","79,356.56","83,629.39","77,165.00","533.24M","0.75%"
"2025/04/04","81,553.66","85,630.47","86,082.52","80,868.87","534.33M","-5.26%"
"2025/04/03","86,082.52","88,133.30","88,133.30","85,074.31","","-3.39%"
"2025/04/02","89,105.74","89,813.67","90,028.78","88,736.01","267.22M","-0.94%"
"2025/04/01","89,950.79","89,227.49","90,219.42","88,637.45","273.61M","1.48%"
"2025/03/31","88,637.45","89,466.54","89,572.58","88,595.99","274.67M","-1.04%"
"2025/03/28","89,572.58","89,792.15","90,154.19","89,360.77","212.87M","-0.36%"
"2025/03/27","89,897.64","89,851.27","89,994.03","89,261.29","240.20M","-0.03%"
"2025/03/26","89,926.53","89,830.51","90,310.71","89,622.16","218.68M","0.24%"
"2025/03/25","89,713.04","88,931.03","89,773.33","88,822.91","244.12M","0.82%"
"2025/03/24","88,985.61","89,218.50","89,781.45","88,958.96","229.99M","-0.60%"
"2025/03/20","89,518.75","89,640.49","90,264.13","89,395.76","770.06M","-0.70%"
"2025/03/19","90,149.69","88,876.00","90,464.39","88,876.00","308.85M","1.41%"
"2025/03/18","88,893.11","88,864.60","89,639.09","88,525.10","284.01M","0.42%"
"2025/03/17","88,525.10","87,692.82","88,547.93","87,692.82","273.30M","0.69%"
"2025/03/14","87,916.46","87,745.77","88,178.28","87,414.71","","0.97%"
"2025/03/13","87,067.75","86,952.81","87,300.44","86,703.33","300.09M","0.25%"
"2025/03/12","86,853.81","86,964.59","87,472.92","86,821.33","265.88M","-0.27%"
"2025/03/11","87,091.04","87,358.38","87,752.56","86,951.08","332.60M","-0.23%"
"2025/03/10","87,291.39","88,066.24","88,570.16","87,291.39","230.32M","-1.44%"
"2025/03/07","88,570.16","88,200.74","88,603.00","87,713.91","264.75M","0.35%"
"2025/03/06","88,260.08","88,777.48","88,930.31","87,717.58","259.78M","0.62%"
"2025/03/05","87,717.58","87,569.81","88,113.97","86,730.82","283.72M","1.14%"
"2025/03/04","86,730.82","87,389.73","87,564.82","86,634.32","273.04M","-0.95%"
"2025/03/03","87,564.82","86,485.40","87,848.52","85,942.71","244.04M","1.89%"
"2025/02/28","85,942.71","86,658.56","87,325.35","85,942.71","696.11M","-1.58%"
"2025/02/27","87,325.35","88,193.98","88,378.04","87,325.35","248.75M","-1.13%"
"2025/02/26","88,321.76","88,003.70","88,466.09","87,753.79","237.30M","0.65%"
"2025/02/25","87,753.79","87,067.06","88,058.60","87,067.06","242.08M","0.38%"
"2025/02/24","87,423.27","88,211.35","88,913.81","87,423.27","214.09M","-1.68%"
"2025/02/21","88,913.81","89,022.51","89,185.81","88,751.68","227.42M","0.05%"
"2025/02/20","88,873.33","88,408.95","88,953.94","88,261.96","287.23M","0.60%"
"2025/02/19","88,341.89","88,888.79","89,253.73","88,341.89","284.36M","-0.81%"
"2025/02/18","89,061.67","88,622.73","89,198.82","88,399.57","218.99M","0.75%"
"2025/02/17","88,399.57","89,010.76","89,031.43","88,033.00","189.73M","-0.36%"
"2025/02/14","88,717.13","88,634.49","89,008.21","87,841.46","211.75M","1.00%"
"2025/02/13","87,841.46","88,398.08","88,643.75","87,742.03","272.92M","-0.11%"
"2025/02/12","87,942.18","88,018.59","88,525.03","87,562.74","261.00M","0.43%"
"2025/02/11","87,562.74","87,866.36","87,866.36","87,347.82","230.99M","-0.23%"
"2025/02/10","87,765.36","87,583.52","87,956.33","87,448.25","254.24M","0.33%"
"2025/02/07","87,474.49","87,226.56","87,872.05","87,191.22","267.59M","0.32%"
"2025/02/06","87,191.22","86,585.56","87,555.02","86,585.56","276.78M","0.67%"
"2025/02/05","86,610.70","86,547.09","86,965.99","86,452.63","264.90M","0.18%"
"2025/02/04","86,452.63","85,966.93","86,531.84","85,490.14","324.08M","1.13%"
"2025/02/03","85,490.14","84,837.17","85,956.65","84,743.30","241.34M","-0.54%"
"2025/01/31","85,956.65","85,792.89","86,126.77","85,685.49","287.47M","0.32%"
"2025/01/30","85,685.49","85,387.91","85,741.58","85,241.08","202.90M","0.43%"
"2025/01/29","85,314.73","84,563.46","85,472.72","84,447.75","203.55M","1.03%"
"2025/01/28","84,447.75","83,989.69","84,651.70","83,886.16","261.23M","0.31%"
"2025/01/27","84,187.66","83,798.68","84,290.99","83,480.80","223.35M","-0.12%"
"2025/01/24","84,290.99","84,567.71","84,964.86","83,944.07","226.83M","0.41%"
"2025/01/23","83,944.07","84,500.38","84,654.64","83,861.63","239.98M","-0.84%"
"2025/01/22","84,654.64","84,819.88","85,303.40","84,650.33","235.57M","-0.23%"
"2025/01/21","84,845.84","84,834.68","85,092.76","84,486.69","237.16M","0.13%"
"2025/01/20","84,733.17","84,989.59","85,232.45","84,532.82","175.04M","0.04%"
"2025/01/17","84,700.44","83,576.26","84,700.44","83,576.26","184.90M","1.25%"
"2025/01/16","83,658.72","83,380.08","84,302.38","83,380.08","199.68M","0.17%"
"2025/01/15","83,515.29","82,497.48","83,623.05","82,123.89","248.08M","1.69%"
"2025/01/14","82,123.89","82,435.32","82,829.43","82,045.80","219.19M","0.10%"
"2025/01/13","82,045.80","83,242.86","83,466.58","81,784.95","243.41M","-1.70%"
"2025/01/10","83,466.58","83,563.52","84,174.21","83,397.19","204.49M","-0.28%"
"2025/01/09","83,698.32","83,396.91","83,950.44","83,152.56","159.31M","0.66%"
"2025/01/08","83,152.56","84,286.77","84,286.77","83,076.53","189.56M","-1.18%"
"2025/01/07","84,141.54","84,097.09","84,745.52","83,988.05","156.41M","-0.71%"
"2025/01/06","84,745.52","84,563.45","85,419.86","84,537.42","150.98M","0.04%"
"2025/01/03","84,711.80","84,568.77","84,894.93","83,958.44","114.79M","0.30%"
"2025/01/02","84,460.59","84,198.62","84,905.26","84,040.72","118.90M","0.43%"
"2024/12/31","84,095.14","83,718.68","84,486.04","83,718.68","88.56M","0.18%"
"2024/12/30","83,945.55","84,640.15","84,736.18","83,776.16","108.14M","-0.93%"
"2024/12/27","84,736.18","85,012.30","85,243.81","84,413.82","109.48M","-0.23%"
"2024/12/24","84,935.27","84,860.84","85,211.28","84,712.32","37.29M","0.26%"
"2024/12/23","84,712.32","84,748.83","84,932.54","84,128.89","108.10M","0.13%"
"2024/12/20","84,603.29","84,864.98","84,864.98","83,776.74","582.32M","0.16%"
"2024/12/19","84,465.35","84,796.01","85,599.84","84,350.53","504.86M","-1.33%"
"2024/12/18","85,599.84","85,914.44","86,327.98","85,338.61","311.16M","-0.17%"
"2024/12/17","85,746.04","86,607.56","87,129.65","85,746.04","215.05M","-1.59%"
"2024/12/13","87,129.65","86,492.26","87,764.36","86,482.51","228.97M","0.19%"
"2024/12/12","86,965.35","87,400.94","87,658.15","86,881.82","201.83M","-0.17%"
"2024/12/11","87,115.95","87,026.08","87,271.05","86,616.63","203.70M","-0.18%"
"2024/12/10","87,271.05","87,105.72","87,642.76","86,936.01","208.09M","-0.42%"
"2024/12/09","87,642.76","86,817.31","87,694.17","86,627.70","236.51M","0.81%"
"2024/12/06","86,938.44","86,825.62","87,298.85","86,753.93","215.42M","0.11%"
"2024/12/05","86,846.42","86,057.14","87,136.11","86,057.14","246.73M","0.62%"
"2024/12/04","86,314.51","85,892.08","86,598.30","85,818.80","265.91M","0.58%"
"2024/12/03","85,818.80","85,691.60","86,567.63","85,658.25","278.03M","0.10%"
"2024/12/02","85,731.51","84,603.87","85,963.46","84,510.44","191.58M","1.44%"
"2024/11/29","84,510.44","84,815.98","84,937.23","84,510.44","240.44M","-0.33%"
"2024/11/28","84,787.41","85,097.98","85,144.35","84,720.71","218.12M","-0.37%"
"2024/11/27","85,102.34","85,459.91","85,696.03","85,024.77","260.68M","-0.35%"
"2024/11/26","85,397.50","84,684.11","85,414.12","84,467.99","273.92M","0.62%"
"2024/11/25","84,875.24","85,673.67","85,851.71","84,875.24","352.21M","-0.86%"
"2024/11/22","85,608.47","85,696.40","86,100.56","85,418.50","213.83M","0.10%"
"2024/11/21","85,522.57","85,469.08","85,821.12","85,257.68","234.57M","0.29%"
"2024/11/20","85,274.83","84,716.31","85,478.91","84,526.75","216.82M","0.89%"
"2024/11/19","84,526.75","84,681.39","85,164.36","84,382.42","192.92M","0.12%"
"2024/11/18","84,425.00","84,262.66","84,606.98","83,872.74","176.68M","0.66%"
"2024/11/15","83,872.74","83,975.64","84,261.65","83,605.94","189.06M","0.05%"
"2024/11/14","83,834.31","83,567.56","84,145.67","83,432.43","238.15M","0.04%"
"2024/11/13","83,803.11","84,014.28","84,201.75","83,784.17","176.02M","-0.47%"
"2024/11/12","84,201.75","84,455.18","84,771.53","83,861.04","283.02M","-0.67%"
"2024/11/11","84,771.53","84,995.48","85,357.46","84,771.53","159.32M","-0.41%"
"2024/11/08","85,124.52","85,694.45","85,998.22","84,918.20","176.66M","-1.02%"
"2024/11/07","85,998.22","85,521.47","86,208.68","85,329.75","224.56M","0.78%"
"2024/11/06","85,329.75","86,341.47","86,642.86","85,111.29","259.03M","-1.52%"
"2024/11/05","86,642.86","86,168.72","86,642.86","86,168.72","273.42M","0.49%"
"2024/11/04","86,223.60","86,074.05","86,403.36","86,009.98","170.33M","0.03%"
"2024/11/01","86,198.57","85,899.88","86,329.39","85,384.82","202.44M","0.95%"
"2024/10/31","85,384.82","86,403.43","86,759.04","85,254.94","251.58M","-1.58%"
"2024/10/30","86,759.04","87,066.49","87,300.97","86,394.51","292.57M","-0.62%"
"2024/10/29","87,300.97","87,603.71","87,883.90","86,999.06","246.66M","-0.39%"
"2024/10/28","87,643.65","86,839.35","87,753.44","86,761.38","261.98M","0.72%"
"2024/10/25","87,015.81","87,023.36","87,196.78","86,651.92","209.11M","0.09%"
"2024/10/24","86,937.24","86,677.99","87,353.53","86,464.19","217.61M","0.55%"
"2024/10/23","86,464.19","86,936.38","87,023.29","86,238.84","264.28M","-0.33%"
"2024/10/22","86,752.88","86,907.67","87,076.55","86,046.69","225.77M","-0.37%"
"2024/10/21","87,076.55","87,293.73","87,451.36","86,920.79","181.58M","-0.14%"
"2024/10/18","87,201.49","87,001.42","87,467.86","86,582.35","213.78M","0.72%"
"2024/10/17","86,582.35","86,506.05","87,037.27","86,192.11","184.53M","0.22%"
"2024/10/16","86,393.01","86,078.96","86,430.22","85,837.31","374.53M","0.52%"
"2024/10/15","85,949.77","85,838.05","86,398.66","85,528.27","215.54M","-0.52%"
"2024/10/14","86,398.66","86,187.08","86,587.83","85,849.34","167.68M","0.29%"
"2024/10/11","86,149.45","85,332.35","86,279.28","85,321.08","218.78M","0.89%"
"2024/10/10","85,392.82","85,627.25","85,627.25","85,221.71","296.96M","0.07%"
"2024/10/09","85,336.85","85,300.89","85,491.22","84,677.53","266.53M","-0.18%"
"2024/10/08","85,491.22","85,181.95","86,308.92","84,863.13","274.71M","-0.95%"
"2024/10/07","86,308.92","86,453.72","86,655.74","86,166.85","235.79M","-0.03%"
"2024/10/04","86,332.42","86,739.94","86,970.58","86,243.68","195.54M","-0.15%"
"2024/10/03","86,461.05","86,948.18","87,328.62","86,092.65","204.60M","-0.75%"
"2024/10/02","87,115.22","87,566.99","87,587.73","86,619.39","243.23M","0.57%"
"2024/10/01","86,619.39","86,984.11","87,441.14","86,326.87","289.66M","0.08%"
"2024/09/30","86,548.42","87,730.03","87,782.32","86,548.42","316.52M","-1.18%"
"2024/09/27","87,579.71","87,549.86","87,789.80","86,886.25","272.91M","0.29%"
"2024/09/26","87,327.21","86,837.41","87,802.52","85,960.32","278.20M","1.59%"
"2024/09/25","85,960.32","85,899.07","86,197.11","84,777.53","357.47M","1.40%"
"2024/09/23","84,777.53","83,764.71","84,826.99","83,719.43","195.12M","1.13%"
"2024/09/20","83,829.99","83,898.07","84,395.93","83,696.76","772.29M","0.08%"
"2024/09/19","83,760.08","83,465.41","84,218.18","82,718.58","501.25M","1.26%"
"2024/09/18","82,718.58","82,835.52","83,032.71","82,151.38","218.69M","-0.38%"
"2024/09/17","83,032.71","82,298.64","83,247.96","82,007.34","226.92M","1.25%"
"2024/09/16","82,007.34","81,907.39","82,315.77","81,907.39","244.22M","0.04%"
"2024/09/13","81,978.59","81,979.41","82,160.68","81,668.39","265.03M","0.38%"
"2024/09/12","81,668.39","81,649.21","82,037.50","80,827.79","269.43M","1.04%"
"2024/09/11","80,827.79","81,456.64","81,641.90","80,538.94","307.10M","-1.00%"
"2024/09/10","81,641.90","81,300.66","81,730.24","81,150.00","253.29M","0.25%"
"2024/09/09","81,441.63","81,430.90","81,975.29","81,339.39","207.06M","0.09%"
"2024/09/06","81,364.89","81,794.47","82,146.83","81,364.89","208.68M","-0.95%"
"2024/09/05","82,146.83","81,758.92","82,244.53","81,398.34","252.34M","0.28%"
"2024/09/04","81,915.38","81,724.78","82,156.76","81,616.83","309.57M","-0.29%"
"2024/09/03","82,156.76","83,331.28","83,603.13","82,082.58","264.91M","-1.59%"
"2024/09/02","83,483.36","83,540.05","83,749.86","83,138.75","198.50M","-0.32%"
"2024/08/30","83,749.86","84,397.80","84,462.51","83,433.57","290.92M","-0.58%"
"2024/08/29","84,239.42","83,928.61","84,431.80","83,906.23","205.73M","0.26%"
"2024/08/28","84,018.65","84,363.25","84,639.24","83,932.83","235.32M","-0.63%"
"2024/08/27","84,553.54","84,263.35","84,670.69","84,181.23","198.67M","0.43%"
"2024/08/26","84,193.95","84,452.13","84,520.66","84,073.91","201.80M","-0.19%"
"2024/08/23","84,351.57","83,986.18","84,663.62","83,620.81","225.07M","0.87%"
"2024/08/22","83,620.81","84,155.05","84,800.50","83,596.97","180.20M","-0.48%"
"2024/08/21","84,026.18","84,034.11","84,197.24","83,783.30","179.16M","0.29%"
"2024/08/20","83,783.30","83,748.40","84,215.43","83,651.81","186.89M","-0.02%"
"2024/08/19","83,799.30","83,013.26","83,955.76","82,824.44","207.37M","1.18%"
"2024/08/16","82,824.44","82,719.93","83,169.68","82,226.43","247.70M","0.73%"
"2024/08/15","82,226.43","81,380.14","82,868.63","81,380.14","215.57M","1.01%"
"2024/08/14","81,402.32","80,740.19","81,827.99","80,740.19","300.34M","0.55%"
"2024/08/13","80,956.22","80,657.86","80,956.22","80,259.19","185.18M","0.49%"
"2024/08/12","80,560.78","81,034.59","81,034.59","80,398.39","162.23M","-0.22%"
"2024/08/08","80,739.31","79,919.04","80,853.42","79,503.96","287.24M","0.47%"
"2024/08/07","80,364.86","79,817.01","80,405.49","79,430.05","227.18M","1.18%"
"2024/08/06","79,430.05","79,513.22","79,736.45","78,675.95","221.07M","-0.19%"
"2024/08/05","79,577.61","78,961.96","80,538.57","78,306.84","297.99M","-1.19%"
"2024/08/02","80,538.57","81,450.91","81,868.82","80,495.12","213.14M","-1.62%"
"2024/08/01","81,868.82","82,844.47","82,881.44","81,799.99","215.48M","-1.08%"
"2024/07/31","82,765.12","81,640.71","82,765.12","81,198.64","257.92M","1.93%"
"2024/07/30","81,198.64","80,825.42","81,374.83","80,697.10","205.17M","0.23%"
"2024/07/29","81,011.65","81,262.30","81,542.07","80,957.82","180.80M","-0.13%"
"2024/07/26","81,120.51","80,755.35","81,253.06","80,640.01","191.68M","0.55%"
"2024/07/25","80,678.20","79,807.84","80,678.20","79,516.29","173.50M","0.10%"
"2024/07/24","80,595.14","80,486.02","80,816.32","80,366.77","174.94M","-0.14%"
"2024/07/23","80,706.44","80,446.52","80,869.41","79,879.87","199.95M","0.27%"
"2024/07/22","80,492.09","80,248.51","80,679.53","79,922.67","174.08M","0.71%"
"2024/07/19","79,922.67","79,831.16","79,922.67","79,488.40","183.22M","-0.51%"
"2024/07/18","80,334.26","80,770.71","81,007.56","80,301.67","265.68M","-0.15%"
"2024/07/17","80,452.58","81,062.85","81,124.08","80,452.58","246.43M","-0.83%"
"2024/07/16","81,124.08","81,276.81","82,154.07","80,973.32","199.03M","-1.25%"
"2024/07/15","82,154.07","81,379.15","82,154.07","81,058.35","254.95M","0.57%"
"2024/07/12","81,686.49","81,345.87","81,792.55","81,093.99","174.72M","0.73%"
"2024/07/11","81,093.99","80,781.74","81,105.46","80,445.31","276.88M","0.81%"
"2024/07/10","80,445.31","80,550.46","80,660.23","80,280.03","191.75M","-0.22%"
"2024/07/09","80,620.02","80,754.96","80,900.35","80,306.35","208.70M","-0.20%"
"2024/07/08","80,783.51","80,753.45","80,954.49","80,438.72","191.49M","-0.02%"
"2024/07/05","80,797.38","81,122.06","81,289.52","80,665.69","165.99M","-0.44%"
"2024/07/04","81,155.28","80,992.87","81,456.39","80,772.78","213.18M","0.47%"
"2024/07/03","80,772.78","80,051.48","81,032.55","79,435.12","277.37M","1.68%"
"2024/07/02","79,435.12","79,990.64","79,990.64","79,043.65","281.74M","-0.52%"
"2024/07/01","79,853.83","80,244.15","80,581.96","79,707.11","379.08M","0.18%"
"2024/06/28","79,707.11","78,966.01","80,131.50","78,966.01","293.06M","0.93%"
"2024/06/27","78,969.33","79,144.91","79,254.71","78,684.41","245.32M","-0.36%"
"2024/06/26","79,252.39","79,776.42","80,148.70","79,237.26","268.06M","-0.41%"
"2024/06/25","79,577.57","80,177.83","80,263.14","79,385.76","1.19B","-0.85%"
"2024/06/24","80,263.14","79,876.39","80,671.24","79,767.56","253.43M","0.62%"
"2024/06/21","79,767.56","79,961.53","80,548.66","79,664.20","808.43M","-0.38%"
"2024/06/20","80,073.05","80,687.76","81,067.61","80,007.53","504.05M","-0.79%"
"2024/06/19","80,713.72","80,211.54","81,364.39","79,748.83","573.70M","1.21%"
"2024/06/18","79,748.83","77,457.36","80,013.70","77,053.78","458.75M","3.50%"
"2024/06/14","77,053.78","76,421.95","77,635.62","76,349.27","342.50M","0.88%"
"2024/06/13","76,382.02","76,857.61","77,050.80","76,347.68","291.67M","-0.87%"
"2024/06/12","77,050.80","76,226.14","77,271.19","76,077.30","221.73M","1.28%"
"2024/06/11","76,077.30","76,237.67","76,387.51","75,753.44","246.54M","-0.15%"
"2024/06/10","76,188.16","76,425.49","76,851.78","76,036.57","149.08M","-0.86%"
"2024/06/07","76,851.78","77,091.40","77,387.08","76,630.66","211.52M","-0.35%"
"2024/06/06","77,123.64","77,079.25","77,409.76","76,790.02","175.36M","0.38%"
"2024/06/05","76,829.13","77,096.33","77,207.65","76,533.10","222.27M","0.00%"
"2024/06/04","76,832.74","77,747.33","77,854.52","76,832.74","249.20M","-1.17%"
"2024/06/03","77,746.23","77,396.72","77,809.65","76,704.26","249.82M","1.36%"
"2024/05/31","76,704.26","77,068.06","77,323.53","76,653.40","429.23M","-0.59%"
"2024/05/30","77,161.71","77,198.59","78,576.14","76,795.85","312.93M","-1.80%"
"2024/05/28","78,576.14","78,984.52","79,253.32","78,540.24","199.13M","-0.44%"
"2024/05/27","78,920.88","79,111.75","79,358.02","78,920.88","130.54M","-0.29%"
"2024/05/24","79,150.84","78,751.94","79,399.36","78,426.16","173.06M","0.25%"
"2024/05/23","78,956.07","79,313.76","80,025.15","78,956.07","208.98M","-0.67%"
"2024/05/22","79,492.57","79,723.38","80,094.46","79,486.73","254.42M","-0.40%"
"2024/05/21","79,808.07","79,379.87","80,072.99","79,379.87","197.33M","-0.33%"
"2024/05/20","80,072.99","79,762.62","80,213.66","79,530.63","221.65M","0.68%"
"2024/05/17","79,530.63","79,439.15","79,737.06","78,970.42","197.70M","0.03%"
"2024/05/16","79,508.98","79,379.71","79,755.01","79,361.57","285.76M","0.19%"
"2024/05/15","79,361.57","78,869.67","79,574.19","78,632.58","281.31M","0.93%"
"2024/05/14","78,632.58","78,484.48","79,023.03","78,383.74","350.46M","-0.07%"
"2024/05/13","78,686.89","78,436.52","78,860.87","78,365.04","166.80M","0.28%"
"2024/05/10","78,464.22","77,905.24","78,777.73","77,539.15","204.32M","1.19%"
"2024/05/09","77,539.15","77,245.89","77,573.02","76,864.01","206.03M","0.47%"
"2024/05/08","77,177.43","76,889.91","77,230.35","76,673.11","223.62M","0.32%"
"2024/05/07","76,929.48","77,089.83","77,159.02","76,776.45","192.64M","0.20%"
"2024/05/06","76,776.45","76,915.86","77,333.82","76,428.33","163.81M","0.46%"
"2024/05/03","76,428.33","76,544.94","76,978.05","76,046.85","209.94M","0.50%"
"2024/05/02","76,046.85","76,319.27","76,842.08","75,978.31","248.32M","-0.04%"
"2024/04/30","76,076.17","76,253.53","76,671.74","76,076.17","294.38M","-0.50%"
"2024/04/29","76,456.15","75,677.19","76,472.22","75,370.99","255.04M","1.44%"
"2024/04/26","75,370.99","74,922.01","75,576.83","74,329.37","223.64M","1.40%"
"2024/04/25","74,329.37","74,498.83","74,787.66","73,790.52","229.15M","-0.25%"
"2024/04/24","74,513.93","74,421.94","74,730.34","74,010.83","257.42M","0.68%"
"2024/04/23","74,010.83","73,916.55","74,177.64","73,539.83","242.86M","0.63%"
"2024/04/22","73,551.12","73,657.37","73,870.68","73,363.56","227.17M","0.26%"
"2024/04/19","73,363.56","73,207.06","73,375.52","72,534.67","221.26M","0.13%"
"2024/04/18","73,271.43","73,306.67","73,487.36","72,797.43","297.41M","0.38%"
"2024/04/17","72,995.18","72,810.26","73,526.40","72,745.06","287.94M","-0.01%"
"2024/04/16","72,999.60","73,401.27","74,518.63","72,855.08","301.76M","-2.04%"
"2024/04/15","74,518.63","75,024.26","75,311.76","74,460.55","268.25M","-1.05%"
"2024/04/12","75,311.76","75,810.46","75,925.97","75,081.96","309.52M","0.01%"
"2024/04/11","75,303.25","75,588.25","75,744.75","74,894.00","233.74M","-0.29%"
"2024/04/10","75,520.37","75,791.58","76,146.49","74,837.70","329.26M","0.04%"
"2024/04/09","75,486.92","75,418.43","75,905.73","75,258.11","305.51M","0.20%"
"2024/04/08","75,334.92","74,849.09","75,395.77","74,718.83","367.82M","0.75%"
"2024/04/05","74,774.72","74,638.89","75,372.98","74,322.42","236.49M","-0.79%"
"2024/04/04","75,372.98","74,159.03","75,412.67","74,097.93","303.76M","1.72%"
"2024/04/03","74,097.93","74,130.62","74,429.48","73,765.50","258.89M","-0.45%"
"2024/04/02","74,429.48","74,916.40","74,962.16","74,226.47","237.42M","-0.14%"
"2024/03/28","74,535.99","73,940.19","74,535.99","73,909.47","206.73M","0.85%"
"2024/03/27","73,909.47","73,500.49","74,053.60","73,472.65","193.31M","0.41%"
"2024/03/26","73,608.07","73,390.22","73,692.97","73,062.71","181.05M","0.44%"
"2024/03/25","73,282.90","73,192.37","73,493.34","72,874.39","231.99M","0.04%"
"2024/03/22","73,254.19","72,779.07","73,330.68","72,419.70","236.21M","1.15%"
"2024/03/20","72,419.70","71,988.65","72,495.36","71,868.07","415.70M","0.77%"
"2024/03/19","71,868.07","72,445.69","72,445.69","71,663.25","196.55M","-0.78%"
"2024/03/18","72,430.46","73,153.38","73,509.75","72,328.88","250.68M","-0.77%"
"2024/03/15","72,990.70","72,990.70","72,990.70","72,990.70","","-1.19%"
"2024/03/14","73,866.79","74,301.51","74,301.51","73,808.85","","-0.53%"
"2024/03/13","74,258.63","73,282.43","74,258.63","73,222.19","264.07M","1.05%"
"2024/03/12","73,484.56","74,094.82","74,437.40","73,409.37","320.62M","0.00%"
"2024/03/11","73,481.74","73,582.61","73,717.78","73,135.10","195.17M","-0.32%"
"2024/03/08","73,717.78","73,741.62","73,895.59","73,353.96","220.84M","0.15%"
"2024/03/07","73,604.11","73,222.92","73,604.11","72,999.44","196.62M","0.04%"
"2024/03/06","73,578.18","72,521.41","73,578.18","72,241.72","220.36M","1.85%"
"2024/03/05","72,241.72","72,548.81","72,633.15","72,104.48","272.14M","-0.54%"
"2024/03/04","72,633.15","73,292.98","73,707.62","72,597.42","280.81M","-0.20%"
"2024/03/01","72,775.49","72,738.97","72,931.72","72,343.63","234.31M","0.06%"
"2024/02/29","72,729.73","72,439.24","72,879.63","72,204.53","291.87M","0.73%"
"2024/02/28","72,204.53","73,090.84","73,142.11","72,197.56","159.12M","-1.28%"
"2024/02/27","73,142.11","73,429.97","73,621.24","73,029.74","221.24M","-0.65%"
"2024/02/26","73,621.24","73,859.28","74,213.39","73,333.08","161.12M","-0.80%"
"2024/02/23","74,213.39","73,799.20","74,431.97","73,799.20","160.06M","0.14%"
"2024/02/22","74,112.74","73,083.60","74,211.08","73,029.61","206.86M","1.48%"
"2024/02/21","73,029.61","73,009.63","73,162.29","72,547.40","199.72M","0.11%"
"2024/02/20","72,946.01","73,176.25","73,580.88","72,700.22","210.76M","-0.86%"
"2024/02/19","73,580.88","73,255.69","73,799.38","73,157.68","198.90M","-0.05%"
"2024/02/16","73,616.06","73,396.73","73,945.95","73,218.44","273.22M","0.54%"
"2024/02/15","73,218.44","72,690.58","73,347.23","72,690.58","189.15M","0.29%"
"2024/02/14","73,009.74","73,027.80","73,062.59","72,626.17","227.27M","-0.07%"
"2024/02/13","73,062.59","73,718.40","73,893.47","73,027.79","260.30M","-0.89%"
"2024/02/12","73,722.10","73,486.05","73,755.27","73,091.75","214.27M","0.41%"
"2024/02/09","73,423.30","73,650.31","73,855.68","73,336.40","172.78M","-0.41%"
"2024/02/08","73,725.38","74,135.81","74,313.44","73,541.41","227.68M","-0.79%"
"2024/02/07","74,313.44","74,538.49","74,598.66","74,154.30","240.51M","-0.33%"
"2024/02/06","74,558.52","74,658.04","74,783.72","74,033.92","191.48M","0.71%"
"2024/02/05","74,033.92","74,174.29","74,476.13","73,824.56","147.46M","-0.47%"
"2024/02/02","74,381.96","75,064.86","75,440.70","74,143.76","241.41M","-0.12%"
"2024/02/01","74,469.95","73,975.78","74,555.87","73,453.03","224.86M","-0.12%"
"2024/01/31","74,555.87","74,249.83","74,611.45","73,873.34","316.29M","-0.07%"
"2024/01/30","74,611.45","74,466.24","74,853.19","74,322.88","242.57M","0.32%"
"2024/01/29","74,370.53","74,916.43","75,084.38","74,323.14","203.36M","-0.95%"
"2024/01/26","75,084.38","73,707.84","75,084.38","73,447.13","200.76M","1.41%"
"2024/01/25","74,040.54","74,391.21","74,440.30","73,937.28","265.13M","-0.38%"
"2024/01/24","74,320.11","73,231.14","74,455.87","73,231.14","234.89M","1.34%"
"2024/01/23","73,337.19","72,814.33","73,429.22","72,351.50","223.77M","1.36%"
"2024/01/22","72,351.50","72,392.03","72,660.91","72,064.48","179.35M","-0.43%"
"2024/01/19","72,660.91","72,504.14","72,949.16","72,344.40","204.16M","0.44%"
"2024/01/18","72,344.40","72,052.76","72,545.19","71,693.09","239.80M","0.91%"
"2024/01/17","71,693.09","72,287.80","73,007.62","71,635.26","268.52M","-1.80%"
"2024/01/16","73,007.62","73,356.73","73,675.74","72,870.13","174.13M","-0.91%"
"2024/01/15","73,675.74","74,211.34","74,310.27","73,377.77","148.77M","-0.76%"
"2024/01/12","74,240.76","73,885.15","74,287.28","73,608.54","172.99M","0.55%"
"2024/01/11","73,834.28","73,905.12","74,258.33","73,586.98","160.85M","0.34%"
"2024/01/10","73,586.98","73,830.41","73,894.96","73,383.88","157.43M","-0.32%"
"2024/01/09","73,826.15","74,147.41","74,460.16","73,826.15","160.73M","-0.37%"
"2024/01/08","74,103.23","74,126.01","74,488.20","73,576.09","113.61M","-0.52%"
"2024/01/05","74,488.20","74,384.85","74,522.49","73,818.38","126.74M","-0.05%"
"2024/01/04","74,522.49","74,556.54","75,117.58","74,348.05","112.70M","0.02%"
"2024/01/03","74,510.72","75,484.62","75,709.14","74,510.72","132.33M","-1.58%"
"2024/01/02","75,709.14","76,366.24","76,893.15","75,592.08","105.67M","-1.54%"
"2023/12/29","76,893.15","76,635.74","76,893.15","76,225.79","99.75M","0.53%"
"2023/12/28","76,485.73","76,739.19","77,092.88","76,485.73","114.89M","-0.22%"
"2023/12/27","76,657.94","74,789.97","76,817.85","74,379.57","150.63M","3.06%"
"2023/12/22","74,379.57","75,341.37","75,412.93","74,038.44","77.63M","-1.37%"
"2023/12/21","75,412.93","74,740.56","75,441.07","74,344.87","274.28M","0.69%"
"2023/12/20","74,893.50","74,868.00","75,484.94","74,751.72","142.66M","0.07%"
"2023/12/19","74,842.59","74,301.38","74,842.59","73,999.04","153.64M","0.73%"
"2023/12/18","74,301.59","74,854.95","74,915.53","74,301.59","","-1.31%"
"2023/12/14","75,289.86","73,421.10","75,572.04","72,640.51","641.20M","3.65%"
"2023/12/13","72,640.51","72,337.07","73,016.93","72,337.07","233.53M","0.03%"
"2023/12/12","72,621.84","73,907.66","74,640.97","72,621.84","241.17M","-1.72%"
"2023/12/11","73,892.30","73,326.56","73,892.30","73,192.58","219.22M","0.14%"
"2023/12/08","73,790.85","74,522.90","74,907.98","73,710.43","229.47M","-1.33%"
"2023/12/07","74,787.04","75,115.46","75,400.62","74,662.48","233.78M","-0.81%"
"2023/12/06","75,400.62","75,426.41","75,855.14","75,215.49","276.28M","0.25%"
"2023/12/05","75,215.49","75,460.90","75,941.06","75,062.24","260.21M","-0.96%"
"2023/12/04","75,941.06","75,730.59","76,089.52","75,511.43","232.08M","0.31%"
"2023/12/01","75,705.85","75,453.71","76,188.31","75,318.51","226.85M","0.23%"
"2023/11/30","75,534.36","75,460.18","75,921.27","75,241.41","929.14M","0.39%"
"2023/11/29","75,241.41","75,564.76","75,646.69","75,192.75","231.80M","-0.46%"
"2023/11/28","75,589.18","75,271.06","75,610.86","74,992.18","252.55M","0.29%"
"2023/11/27","75,369.88","75,683.73","75,712.40","75,309.75","182.86M","-0.45%"
"2023/11/24","75,712.40","75,232.98","75,712.40","74,955.80","193.96M","0.36%"
"2023/11/23","75,438.71","75,175.15","75,681.00","74,763.96","226.28M","0.90%"
"2023/11/22","74,763.96","74,184.69","74,985.24","74,184.69","260.94M","0.66%"
"2023/11/21","74,270.74","74,463.19","74,677.39","73,922.58","547.74M","-0.07%"
"2023/11/20","74,321.48","74,124.05","74,325.82","73,920.75","205.09M","0.54%"
"2023/11/17","73,920.75","73,485.63","74,135.46","73,423.41","222.19M","0.25%"
"2023/11/16","73,736.61","74,342.58","74,800.29","73,282.07","302.28M","-1.42%"
"2023/11/15","74,800.29","73,799.48","75,388.64","73,443.50","338.10M","1.85%"
"2023/11/14","73,443.50","71,754.31","73,672.21","71,633.17","330.81M","2.53%"
"2023/11/13","71,633.17","71,522.03","71,936.98","71,393.30","185.65M","0.34%"
"2023/11/10","71,393.30","71,992.93","71,992.93","71,002.01","193.57M","-1.15%"
"2023/11/09","72,226.67","72,175.76","72,465.63","71,619.99","227.05M","-0.33%"
"2023/11/08","72,465.63","71,476.82","72,465.63","71,436.77","221.66M","1.25%"
"2023/11/07","71,572.99","72,706.04","73,293.69","71,408.51","330.42M","-2.35%"
"2023/11/06","73,293.69","73,014.13","73,501.04","72,856.18","231.05M","0.60%"
"2023/11/03","72,856.18","71,786.19","73,097.71","71,383.92","287.40M","2.06%"
"2023/11/02","71,383.92","70,084.91","71,383.92","69,740.30","267.78M","2.36%"
"2023/11/01","69,740.30","69,513.10","69,893.61","69,128.49","218.41M","0.12%"
"2023/10/31","69,653.44","69,686.90","70,387.69","69,439.38","264.27M","-0.31%"
"2023/10/30","69,871.16","69,789.03","70,090.10","69,451.97","173.10M","0.60%"
"2023/10/27","69,451.97","70,067.24","70,279.61","69,440.43","171.04M","-0.68%"
"2023/10/26","69,930.52","69,927.77","70,274.34","69,496.56","227.02M","-0.49%"
"2023/10/25","70,274.34","70,367.16","70,578.25","69,931.45","199.74M","-0.43%"
"2023/10/24","70,578.25","70,381.56","70,578.25","70,051.97","173.01M","0.68%"
"2023/10/23","70,100.28","70,097.13","70,306.40","69,631.16","192.50M","-0.14%"
"2023/10/20","70,198.01","70,462.42","70,961.33","70,067.99","221.06M","-1.08%"
"2023/10/19","70,961.33","71,459.45","71,968.67","70,961.33","176.87M","-1.40%"
"2023/10/18","71,968.67","72,837.34","72,924.25","71,762.17","435.20M","-1.19%"
"2023/10/17","72,831.80","72,878.35","73,146.75","72,230.87","204.63M","-0.43%"
"2023/10/16","73,146.75","72,981.49","73,156.95","72,372.97","214.47M","0.31%"
"2023/10/13","72,919.72","73,244.79","73,390.81","72,804.74","211.37M","-0.64%"
"2023/10/12","73,390.81","74,266.22","74,382.25","73,155.67","209.71M","-0.62%"
"2023/10/11","73,849.53","73,383.31","73,936.83","73,368.32","304.08M","0.01%"
"2023/10/10","73,840.50","72,185.38","73,840.50","71,648.39","283.41M","3.06%"
"2023/10/09","71,648.39","71,746.26","72,262.76","71,285.44","287.22M","-0.01%"
"2023/10/06","71,657.25","71,371.04","71,657.25","70,848.14","217.78M","0.57%"
"2023/10/05","71,249.59","70,732.69","71,387.02","70,511.16","239.95M","0.97%"
"2023/10/04","70,564.69","70,670.84","71,208.82","70,271.48","193.89M","-0.29%"
"2023/10/03","70,773.21","71,178.10","71,650.22","70,461.24","209.99M","-0.65%"
"2023/10/02","71,238.06","71,238.06","71,238.06","71,238.06","","-1.58%"
"2023/09/29","72,382.89","73,005.98","73,190.63","72,300.03","205.23M","-0.17%"
"2023/09/28","72,505.99","72,249.46","72,505.99","71,935.73","224.41M","0.46%"
"2023/09/27","72,174.14","72,551.94","72,952.71","72,162.51","236.49M","-0.66%"
"2023/09/26","72,652.10","71,949.62","73,398.78","71,661.71","276.45M","-1.02%"
"2023/09/22","73,398.78","73,475.49","73,731.28","73,238.11","178.76M","0.22%"
"2023/09/21","73,238.11","74,049.78","74,824.09","72,937.21","385.60M","-2.12%"
"2023/09/20","74,824.09","73,744.32","74,824.09","73,704.15","285.57M","1.38%"
"2023/09/19","73,806.42","73,750.08","74,169.08","73,665.87","259.03M","-0.14%"
"2023/09/18","73,908.03","74,760.91","74,760.91","73,736.90","194.31M","-0.91%"
"2023/09/15","74,589.81","74,569.36","75,016.02","74,354.37","706.92M","0.32%"
"2023/09/14","74,354.37","73,296.20","74,354.37","73,296.20","296.01M","1.43%"
"2023/09/13","73,302.56","73,626.20","74,086.62","72,826.06","266.13M","-1.06%"
"2023/09/12","74,086.62","74,109.32","74,194.97","73,606.43","249.87M","-0.03%"
"2023/09/11","74,106.18","74,052.61","74,606.31","73,652.67","194.95M","0.62%"
"2023/09/08","73,652.67","73,363.85","73,654.17","72,964.68","252.42M","0.64%"
"2023/09/07","73,185.12","73,996.75","74,411.02","73,150.73","237.64M","-1.65%"
"2023/09/06","74,411.02","74,439.36","75,016.00","74,138.38","277.98M","-0.81%"
"2023/09/05","75,016.00","75,150.78","75,375.22","74,471.57","256.02M","-0.48%"
"2023/09/04","75,375.22","75,266.35","75,667.77","74,786.79","174.63M","0.79%"
"2023/09/01","74,786.79","75,073.83","75,406.61","74,591.06","215.02M","-0.22%"
"2023/08/31","74,953.73","75,242.02","75,332.08","74,883.44","461.95M","-0.40%"
"2023/08/30","75,256.19","75,050.58","75,296.17","74,776.18","240.29M","0.64%"
"2023/08/29","74,776.18","74,892.23","75,079.61","74,485.58","174.57M","-0.40%"
"2023/08/28","75,079.61","74,328.76","75,103.62","73,836.01","143.01M","1.68%"
"2023/08/25","73,836.01","74,252.91","74,738.57","73,836.01","175.77M","-0.63%"
"2023/08/24","74,301.56","74,467.77","74,937.61","74,022.58","204.43M","0.38%"
"2023/08/23","74,022.58","73,555.81","74,050.13","73,277.88","198.00M","1.02%"
"2023/08/22","73,277.88","73,972.77","74,300.81","73,112.63","246.56M","-0.65%"
"2023/08/21","73,760.21","73,299.53","73,990.65","73,080.87","212.29M","0.93%"
"2023/08/18","73,080.87","73,881.56","74,375.22","72,890.82","230.01M","-1.74%"
"2023/08/17","74,375.22","75,344.57","75,344.57","74,159.15","259.71M","-0.72%"
"2023/08/16","74,914.52","75,123.94","75,590.77","74,453.10","202.30M","-0.89%"
"2023/08/15","75,590.77","76,311.53","76,311.53","75,347.01","181.12M","-0.75%"
"2023/08/14","76,160.87","76,671.22","77,012.51","75,813.59","217.02M","-1.06%"
"2023/08/11","76,974.26","77,341.65","77,749.68","76,923.33","169.32M","-1.00%"
"2023/08/10","77,749.68","76,904.48","78,140.65","76,837.44","234.24M","1.19%"
"2023/08/08","76,837.44","76,662.32","77,036.17","76,542.21","254.26M","-0.23%"
"2023/08/07","77,013.74","76,744.66","77,280.03","76,702.21","154.49M","0.07%"
"2023/08/04","76,960.61","76,858.69","77,118.48","76,368.42","214.31M","0.28%"
"2023/08/03","76,747.20","76,691.25","76,747.20","75,634.00","261.66M","0.35%"
"2023/08/02","76,477.22","77,799.88","78,641.91","76,477.22","289.38M","-2.75%"
"2023/08/01","78,641.91","78,777.56","79,212.41","78,560.55","251.32M","-0.43%"
"2023/07/31","78,977.89","78,583.31","78,981.89","78,176.02","231.58M","0.60%"
"2023/07/28","78,506.90","78,186.51","78,612.34","78,130.90","208.35M","0.31%"
"2023/07/27","78,267.25","77,561.59","78,414.32","77,525.63","342.02M","0.93%"
"2023/07/26","77,546.38","77,318.54","77,637.11","77,219.64","210.30M","0.03%"
"2023/07/25","77,525.62","77,325.12","77,627.39","76,766.07","198.73M","0.99%"
"2023/07/24","76,766.07","76,663.67","77,168.00","76,542.59","155.30M","-0.08%"
"2023/07/21","76,826.63","76,979.29","77,065.48","76,729.96","171.19M","-0.25%"
"2023/07/20","77,016.83","76,875.20","77,319.27","76,831.96","228.93M","-0.08%"
"2023/07/19","77,080.97","77,091.48","77,215.17","76,794.04","179.84M","-0.02%"
"2023/07/18","77,098.55","76,863.39","77,253.51","76,670.49","217.10M","-0.20%"
"2023/07/17","77,253.51","76,808.48","77,750.51","76,791.72","224.46M","-0.64%"
"2023/07/14","77,750.51","77,125.40","77,901.09","77,125.40","191.23M","0.56%"
"2023/07/13","77,317.26","76,728.43","77,570.06","76,530.54","250.00M","1.01%"
"2023/07/12","76,544.79","74,813.41","76,544.79","74,813.41","214.80M","2.23%"
"2023/07/11","74,876.59","74,878.92","75,123.40","74,345.98","177.23M","0.71%"
"2023/07/10","74,345.98","74,442.85","74,823.02","73,915.39","146.67M","-0.64%"
"2023/07/07","74,823.02","74,438.12","74,878.92","74,113.22","160.48M","0.96%"
"2023/07/06","74,113.22","75,166.71","75,909.49","73,993.55","193.93M","-2.37%"
"2023/07/05","75,909.49","75,806.28","76,223.70","75,554.14","155.85M","-0.41%"
"2023/07/04","76,223.70","76,358.65","76,393.95","76,055.70","152.49M","-0.01%"
"2023/07/03","76,233.93","75,960.89","76,458.15","75,960.89","185.11M","0.27%"
"2023/06/30","76,027.83","75,079.50","76,223.09","74,875.63","210.10M","1.52%"
"2023/06/29","74,892.51","74,840.11","75,006.12","74,548.21","181.70M","0.08%"
"2023/06/28","74,831.11","74,664.36","75,168.85","74,542.82","182.90M","0.39%"
"2023/06/27","74,543.48","74,842.71","75,182.23","74,159.94","220.21M","0.37%"
"2023/06/26","74,265.04","74,571.77","74,680.74","74,006.63","190.15M","-0.19%"
"2023/06/23","74,402.90","75,080.39","75,125.55","73,805.30","221.14M","-0.94%"
"2023/06/22","75,105.79","75,244.03","75,629.88","74,807.83","197.64M","-0.69%"
"2023/06/21","75,629.88","76,224.26","76,769.22","75,504.11","259.03M","-1.48%"
"2023/06/20","76,769.22","77,576.16","78,014.35","76,744.82","266.52M","-1.60%"
"2023/06/19","78,014.35","77,644.19","78,531.81","77,613.58","216.91M","-0.66%"
"2023/06/15","78,531.81","77,783.22","78,595.25","77,416.29","793.97M","0.60%"
"2023/06/14","78,060.22","77,830.94","78,200.90","77,706.64","251.80M","0.30%"
"2023/06/13","77,827.73","76,982.34","77,869.69","76,282.13","259.60M","2.03%"
"2023/06/12","76,282.13","77,040.13","77,136.07","76,185.80","247.24M","-0.85%"
"2023/06/09","76,936.11","77,020.78","77,282.85","76,715.08","304.49M","-0.10%"
"2023/06/08","77,015.21","76,840.12","77,355.12","76,671.64","274.87M","-0.14%"
"2023/06/07","77,125.85","76,692.79","77,474.82","76,640.86","","0.37%"
"2023/06/06","76,840.11","76,259.17","76,840.11","76,056.30","285.21M","0.31%"
"2023/06/05","76,602.84","77,113.50","77,126.06","76,372.47","221.78M","-0.68%"
"2023/06/02","77,126.06","76,742.70","77,417.11","75,783.25","258.41M","1.77%"
"2023/06/01","75,783.25","75,631.92","76,061.39","75,067.47","263.09M","0.95%"
"2023/05/31","75,067.47","75,041.90","76,110.69","74,826.19","694.32M","-1.15%"
"2023/05/30","75,939.46","76,366.86","77,179.59","75,938.41","291.92M","-0.88%"
"2023/05/29","76,613.35","76,589.43","76,843.40","76,448.08","169.53M","0.03%"
"2023/05/26","76,589.54","76,223.76","76,672.49","75,584.91","224.51M","0.54%"
"2023/05/25","76,174.61","75,705.17","76,531.27","75,373.90","246.92M","0.73%"
"2023/05/24","75,621.90","76,374.49","76,748.27","75,509.75","226.98M","-1.47%"
"2023/05/23","76,748.27","77,779.66","77,962.73","76,741.36","209.07M","-1.56%"
"2023/05/22","77,962.73","78,205.94","78,206.14","77,900.21","","-0.27%"
"2023/05/19","78,175.82","77,886.42","78,298.08","77,667.96","247.15M","0.65%"
"2023/05/18","77,667.96","78,219.60","78,675.72","77,067.14","259.04M","-0.92%"
"2023/05/17","78,390.74","78,017.16","78,390.74","77,526.75","218.65M","0.54%"
"2023/05/16","77,973.02","78,140.55","78,684.49","77,973.02","191.95M","-0.37%"
"2023/05/15","78,261.65","78,426.53","78,731.97","78,132.22","210.98M","-0.09%"
"2023/05/12","78,330.20","78,506.86","78,815.16","76,997.16","306.05M","1.73%"
"2023/05/11","76,997.16","77,621.93","77,979.63","76,755.15","350.72M","-1.00%"
"2023/05/10","77,775.02","78,355.67","78,511.06","77,534.31","306.55M","0.00%"
"2023/05/09","77,776.87","78,389.90","78,572.33","77,546.41","225.45M","-1.01%"
"2023/05/08","78,572.33","78,264.70","78,868.77","78,132.77","221.54M","0.56%"
"2023/05/05","78,132.77","77,616.71","78,132.77","77,271.13","235.20M","1.12%"
"2023/05/04","77,271.13","78,155.84","78,236.67","77,042.91","263.44M","-1.21%"
"2023/05/03","78,218.60","77,902.63","78,218.60","77,532.90","232.79M","0.88%"
"2023/05/02","77,532.90","78,180.84","78,353.94","77,393.29","266.80M","-0.88%"
"2023/04/28","78,218.37","78,078.62","78,327.09","77,273.63","202.21M","0.12%"
"2023/04/26","78,122.12","77,988.94","78,262.03","77,283.85","227.41M","0.30%"
"2023/04/25","77,891.13","78,070.57","78,123.45","77,650.70","208.38M","-0.29%"
"2023/04/24","78,121.37","77,701.29","78,447.82","77,683.68","184.58M","0.27%"
"2023/04/21","77,910.96","78,180.69","78,883.26","77,869.82","225.07M","-1.23%"
"2023/04/20","78,883.26","78,924.41","79,037.65","78,440.32","192.34M","0.11%"
"2023/04/19","78,796.86","78,919.90","79,294.76","78,257.83","223.63M","-0.63%"
"2023/04/18","79,294.76","78,825.05","79,455.71","78,723.70","288.38M","0.73%"
"2023/04/17","78,723.70","79,036.31","79,155.21","78,596.43","208.79M","-0.19%"
"2023/04/14","78,870.36","78,835.06","79,203.51","78,462.77","211.69M","0.52%"
"2023/04/13","78,462.77","78,237.57","78,566.79","77,740.69","274.72M","0.93%"
"2023/04/12","77,740.69","78,008.31","78,377.23","77,646.47","277.93M","-0.32%"
"2023/04/11","77,990.54","77,762.03","78,434.63","77,113.70","267.64M","1.14%"
"2023/04/06","77,113.70","76,870.65","77,337.67","76,656.42","172.11M","0.60%"
"2023/04/05","76,656.42","77,350.28","77,458.58","76,608.14","274.33M","-1.04%"
"2023/04/04","77,458.58","76,626.72","77,458.58","76,439.24","245.17M","1.10%"
"2023/04/03","76,614.96","76,517.27","76,843.98","76,100.17","253.37M","0.68%"
"2023/03/31","76,100.17","77,072.83","77,072.83","76,057.49","265.69M","-0.79%"
"2023/03/30","76,704.63","76,864.11","77,313.08","76,424.59","184.94M","0.29%"
"2023/03/29","76,480.11","76,122.74","76,676.28","75,879.04","268.36M","0.57%"
"2023/03/28","76,047.34","75,815.03","76,437.03","75,283.68","260.43M","1.01%"
"2023/03/27","75,283.68","75,143.88","75,542.52","74,695.04","199.42M","0.79%"
"2023/03/24","74,695.04","75,502.62","75,585.23","74,047.15","244.39M","-1.18%"
"2023/03/23","75,585.23","75,608.81","75,658.49","75,001.99","289.36M","0.45%"
"2023/03/22","75,243.44","74,892.81","75,243.44","74,271.06","309.65M","1.31%"
"2023/03/20","74,271.06","72,457.48","74,298.37","71,905.80","235.16M","2.40%"
"2023/03/17","72,527.92","73,275.67","74,069.14","72,519.19","","-0.52%"
"2023/03/16","72,905.50","72,857.25","73,670.03","72,269.18","647.55M","0.01%"
"2023/03/15","72,895.54","75,233.34","75,268.74","72,534.77","403.08M","-2.82%"
"2023/03/14","75,008.68","75,241.63","75,502.28","74,250.04","379.05M","-0.65%"
"2023/03/13","75,502.28","77,299.32","77,299.32","74,631.10","374.29M","-1.25%"
"2023/03/10","76,454.36","76,403.31","77,664.05","75,763.62","242.24M","-1.56%"
"2023/03/09","77,664.05","77,581.35","77,785.51","76,914.55","276.80M","-0.10%"
"2023/03/08","77,741.83","78,000.51","78,556.54","77,310.86","265.97M","-1.04%"
"2023/03/07","78,556.54","78,719.09","78,936.90","78,436.13","221.23M","-0.18%"
"2023/03/06","78,697.83","78,544.96","78,747.83","78,269.55","199.02M","0.52%"
"2023/03/03","78,293.01","78,065.87","78,509.81","77,547.01","238.27M","0.96%"
"2023/03/02","77,547.01","78,879.45","78,879.45","77,158.15","287.89M","-1.38%"
"2023/03/01","78,631.45","78,469.28","78,994.18","77,733.87","285.52M","1.15%"
"2023/02/28","77,733.87","77,476.30","78,056.21","77,028.60","536.84M","0.28%"
"2023/02/27","77,513.78","77,155.86","77,702.94","76,725.51","221.91M","0.75%"
"2023/02/24","76,937.77","78,422.63","79,010.83","76,831.41","257.39M","-2.62%"
"2023/02/23","79,010.83","78,141.29","79,217.74","78,141.29","265.29M","1.08%"
"2023/02/22","78,170.14","79,028.10","79,028.10","78,014.96","242.40M","-0.81%"
"2023/02/21","78,811.05","79,349.18","79,829.39","78,613.09","276.55M","-1.28%"
"2023/02/20","79,829.39","79,635.35","79,938.42","79,271.78","191.06M","0.70%"
"2023/02/17","79,271.78","79,842.97","80,227.19","79,175.12","199.24M","-1.19%"
"2023/02/16","80,227.19","79,876.68","80,530.61","79,471.76","229.30M","0.95%"
"2023/02/15","79,471.76","79,700.88","80,265.11","79,275.51","237.91M","-0.48%"
"2023/02/14","79,858.02","79,764.30","80,205.91","79,494.07","218.25M","0.11%"
"2023/02/13","79,770.21","78,859.86","79,770.21","78,859.86","","0.99%"
"2023/02/10","78,985.35","79,849.10","80,021.09","78,730.18","200.96M","-1.29%"
"2023/02/09","80,021.09","80,198.02","80,400.03","79,975.59","710.58M","0.06%"
"2023/02/08","79,975.59","79,720.26","80,038.52","79,534.22","217.72M","0.55%"
"2023/02/07","79,534.22","79,640.24","79,713.79","79,178.84","256.84M","-0.06%"
"2023/02/06","79,582.83","80,025.29","80,240.92","79,267.61","197.97M","-0.82%"
"2023/02/03","80,240.92","79,907.86","80,303.43","79,389.25","220.11M","0.55%"
"2023/02/02","79,802.09","79,986.22","80,273.31","79,501.90","294.48M","-0.02%"
"2023/02/01","79,816.87","80,147.42","80,474.04","79,476.60","259.62M","0.43%"
"2023/01/31","79,476.60","79,824.64","80,324.86","79,252.14","290.42M","-1.06%"
"2023/01/30","80,324.86","79,937.33","80,791.36","79,702.97","192.39M","-0.58%"
"2023/01/27","80,791.36","80,696.99","81,337.95","80,508.97","210.85M","0.35%"
"2023/01/26","80,508.97","80,173.54","80,904.79","79,725.46","221.76M","0.98%"
"2023/01/25","79,725.46","79,973.57","80,471.83","79,447.47","178.40M","-0.39%"
"2023/01/24","80,037.01","80,371.15","80,647.77","79,882.95","196.56M","-0.11%"
"2023/01/23","80,128.63","79,456.27","80,358.84","79,269.77","160.18M","1.08%"
"2023/01/20","79,269.77","79,715.39","80,226.26","79,002.86","205.39M","-0.30%"
"2023/01/19","79,505.06","79,669.09","79,866.91","78,947.52","242.24M","-0.45%"
"2023/01/18","79,865.48","78,952.98","79,981.75","78,952.98","219.32M","0.61%"
"2023/01/17","79,385.11","79,210.08","79,483.63","78,886.59","258.36M","0.27%"
"2023/01/16","79,167.80","79,074.64","79,760.32","79,040.18","173.19M","-0.21%"
"2023/01/13","79,333.72","78,848.14","79,527.33","78,848.14","","0.90%"
"2023/01/12","78,627.55","78,104.73","79,313.57","78,044.25","200.90M","0.13%"
"2023/01/11","78,522.10","78,427.74","78,927.96","78,000.31","189.06M","0.67%"
"2023/01/10","78,000.31","78,113.62","78,342.70","77,597.35","163.40M","-0.44%"
"2023/01/09","78,342.70","77,751.08","78,624.20","76,858.94","209.77M","1.93%"
"2023/01/06","76,858.94","75,764.64","77,069.22","75,439.30","142.62M","1.88%"
"2023/01/05","75,439.30","74,967.98","76,041.39","74,567.61","176.66M","1.17%"
"2023/01/04","74,567.61","74,343.55","74,987.27","74,249.04","158.46M","0.18%"
"2023/01/03","74,436.48","73,147.90","74,612.67","73,048.57","130.46M","1.90%"